{
  "accuracy": 0.9820627802690582,
  "precision": 0.9846153846153847,
  "recall": 0.9948186528497409,
  "f1_score": 0.9896907216494846,
  "recall_fraudulent": 0.9,
  "precision_fraudulent": 0.9642857142857143,
  "recall_legitimate": 0.9948186528497409,
  "precision_legitimate": 0.9846153846153847
}