{
  "accuracy": 0.9730941704035875,
  "precision": 0.9844559585492227,
  "recall": 0.9844559585492227,
  "f1_score": 0.9844559585492227,
  "recall_fraudulent": 0.9,
  "precision_fraudulent": 0.9,
  "recall_legitimate": 0.9844559585492227,
  "precision_legitimate": 0.9844559585492227
}