{
  "accuracy": 0.9811659192825112,
  "precision": 0.9826175869120655,
  "recall": 0.9958549222797928,
  "f1_score": 0.9891919711785898,
  "recall_fraudulent": 0.8866666666666667,
  "precision_fraudulent": 0.9708029197080292,
  "recall_legitimate": 0.9958549222797928,
  "precision_legitimate": 0.9826175869120655
}